Title,Company,Location,Salary,Description,High_salary,City,Metro,State,Senior,Manager,Data_Scientist,Assistant,Analyst,Engineer
Computational Scientist,MD Anderson Cancer Center,"Houston, TX",95500,"Works closely with clinical scientists to understand data processing challenges and provide custom solutions for sequencing, gene expression, proteomics,...",1,Houston,Houston,TX,0,0,0,0,0,0
Quality Assurance Analyst (Research),Baylor College of Medicine,"Houston, TX",43794,Knowledge of next gen sequence data formats. The QA analyst will report to the Director of Project Development and will assist project managers in sample...,0,Houston,Houston,TX,0,0,0,0,1,0
Research Scientist,Rice University,"Houston, TX",59950,"The Research Scientist will provide basic instruction, when necessary to:. At the faculty‰Ûªs request the Research Scientist provides brief demonstrations to...",0,Houston,Houston,TX,0,0,0,0,0,0
Research Statistical Analyst - Biostatistics,MD Anderson Cancer Center,"Houston, TX",83000,"Assesses relevant literature as well as existing data, evaluates the quality of data used in reports and assists with preparation and distribution of data for...",0,Houston,Houston,TX,0,0,0,0,1,0
Research Statistical Analyst,MD Anderson Cancer Center,"Houston, TX",83000,"Assesses relevant literature as well as existing data, evaluates the quality of data used in reports and assists with preparation and distribution of data for...",0,Houston,Houston,TX,0,0,0,0,1,0
Research Admin Analyst,MD Anderson Cancer Center,"Houston, TX",63750,Review institutional and other pertinent data to identify potential gaps in reported data. Review Conflict of Interest Data:....,0,Houston,Houston,TX,0,0,0,0,1,0
Data Analyst- Immunology,MD Anderson Cancer Center,"Houston, TX",53000,"Assist Computational Scientist, Program Manager and Data Coordinators to organize, cleanse and prepare data for loading....",0,Houston,Houston,TX,0,0,0,0,1,0
Research Statistical Analyst -Bioinformatics & Computational...,MD Anderson Cancer Center,"Houston, TX",83000,Data used in reports and assists with preparation and distribution of data for. Measurement and analysis of data....,0,Houston,Houston,TX,0,0,0,0,1,0
Institute Associate Scientist II - In Vivo Pharmacology,MD Anderson Cancer Center,"Houston, TX",64750,"S/he will be proficient in in vivo experimentation, including standard methods of tumor implantation and dosing, proper handling of small molecule drugs or...",0,Houston,Houston,TX,0,0,0,0,0,0
Institute Associate Scientist II ‰ÛÒ Protein Production,MD Anderson Cancer Center,"Houston, TX",64750,Analyze data and prepare written and oral reports to project teams. Participate in integrated drug discovery research teams by engaging in interaction with...,0,Houston,Houston,TX,0,0,0,0,0,0
Research Scientist - Neuro-Oncology - Research,MD Anderson Cancer Center,"Houston, TX",64500,"Analyze appropriate data on a computer via keyboard. Enter certain results into computer via a keyboard, maintains all data in handwritten laboratory notebook....",0,Houston,Houston,TX,0,0,0,0,0,0
Research Scientist - Molecular & Cellular Oncology,MD Anderson Cancer Center,"Houston, TX",64500,Analyze gene/protein expression data from TCGA data set; To enhance educational programs for next generation scientists;...,0,Houston,Houston,TX,0,0,0,0,0,0
Research Scientist - Thoracic H&N Med Oncology - Research,MD Anderson Cancer Center,"Houston, TX",64500,"Utilize image analysis system and/or microscope to analyze data and examine results. To maintain good, detailed experimental records, evaluate resulting...",0,Houston,Houston,TX,0,0,0,0,0,0
"Research Scientist, Experimental Radiation Oncology",MD Anderson Cancer Center,"Houston, TX",64500,"Record Keeping and Data Collection:. The primary purpose of the Research Scientist position is to apply technical expertise and experience to plan, coordinate,...",0,Houston,Houston,TX,0,0,0,0,0,0
Institute Associate Scientist I ‰ÛÒ Medicinal Chemistry,MD Anderson Cancer Center,"Houston, TX",38350,"Ability to analyze, interpret and present data at laboratory and departmental meetings ‰Û¢ Participate in an integrated drug discovery research team ‰Û¢ Interacts...",0,Houston,Houston,TX,0,0,0,0,0,0
Part Time Academic Research and Writing Policy Analyst Posit...,"Earl Carl Institute for Legal & Social Policy, Inc...","Houston, TX",22500,"Gathering data, using either existing information or generating new data through research. Beyond data analysis, these professionals must be able to process the...",0,Houston,Houston,TX,0,0,0,0,1,0
Institute Research Scientist - Translational Biology,MD Anderson Cancer Center,"Houston, TX",118500,Work with research and bioinformatics teams to utilize internal biological and oncogenomic data sets to generate and test biological hypotheses....,1,Houston,Houston,TX,0,0,0,0,0,0
Institute Assoc Scientist III - Neurodegeneration Consort,MD Anderson Cancer Center,"Houston, TX",78250,Analyze data and prepare written and oral reports to project teams. Participate in an integrated drug discovery research team by engaging in interaction with...,0,Houston,Houston,TX,0,0,0,0,0,0
"Research Programmer - Genetics, next generation sequencing (...",MD Anderson Cancer Center,"Houston, TX",83000,N ext generation sequencing (NGS) data analysis. Assists faculty in the development of new statistical methodology for measurement and analysis of NGS data....,0,Houston,Houston,TX,0,0,0,0,0,0
"Principal Institute Research Scientist - Drug Discovery, Bio...",MD Anderson Cancer Center,"Houston, TX",156000,"Evidence of leading multi-functional teams of scientists to deliver on program objectives. Strong data analysis skills, ability to interpret results, design of...",1,Houston,Houston,TX,0,0,0,0,0,0
"Sr Systems Analyst, Quantitative Research Computing - C #, A...",MD Anderson Cancer Center,"Houston, TX",95500,"This position develops solutions for software and database needs throughout the clinical trial life cycle, with an emphasis on trial data collection and data...",1,Houston,Houston,TX,0,0,0,0,1,0
Medical Lab Scientist,The University of Texas Medical Branch,"League City, TX",67000,"Medical Lab Scientist, Lab Services - Victory Lakes Pathology (evenings). Performs, records and evaluates quality control data according to procedures including...",0,League City,Houston,TX,0,0,0,0,0,0
Head of Engineering - Accounting Platform,Oscar Technology,"Houston, TX",250000,They are a leading investment data analysis firm who focus on innovation scientific ways to create solid portfolio's for its clients....,1,Houston,Houston,TX,0,0,0,0,0,1
Predictive Analytics (Machine Learning),"Kennedy Unlimited Inc, Professional Staffing","Phoenix, AZ",135000,"Salary 130K to 140K We are assisting our Client, an innovative NEW high growth leader, Are you looking for more responsibility, More challenge. Leadership",1,Phoenix,Phoenix,AZ,0,0,0,0,0,0
ENVIRONMENTAL OUTREACH SPECIALIST,State of Arizona,"Phoenix, AZ",55000,"Analyze environmental data to determine validity, quality, and scientific significance and to interpret correlations between data, human activities and...",0,Phoenix,Phoenix,AZ,0,0,0,0,0,0
Institutional Research Analyst (Open until Filled),Maricopa County Community College District,"Phoenix, AZ",55735,"Develops queries on data warehouses using data extraction tools such as Hyperion, Veera, and Alteryx. 40% - Manages data work flow processes for the college;...",0,Phoenix,Phoenix,AZ,0,0,0,0,1,0
Public Health Scientist / Chemist,State of Arizona,"Phoenix, AZ",50000,Navigate complex software programs pertaining to instrumentation and data review. The Public Health Scientist will provide capacity to both identify and...,0,Phoenix,Phoenix,AZ,0,0,0,0,0,0
Academic Success Specialist,Arizona State University,"Tempe, AZ",36530,"Utilizes a variety of university data and programmatic direction to promote student academic success. Students learn from nationally renowned faculty, to...",0,Tempe,Phoenix,AZ,0,0,0,0,0,0
Web Security Research Analyst,SiteLock,"Scottsdale, AZ",52500,"About SiteLock: SiteLock is the global leader in website security, currently protecting more than six million websites globally. SiteLock delivers 360-degree",0,Scottsdale,Phoenix,AZ,0,0,0,0,1,0
AIR QUALITY PLANNER 2-3,State of Arizona,"Phoenix, AZ",61000,"Ability to present data and findings in public meetings. Collaborate with other Air Quality Sections, including air quality data assessment and monitoring team,...",0,Phoenix,Phoenix,AZ,0,0,0,0,0,0
Research Advancement Admin Sr,Arizona State University,"Tempe, AZ",51240,"Experience in using Microsoft Office Suite including computer data base systems. The School of Earth and Space Exploration integrates astrophysicists, Earth...",0,Tempe,Phoenix,AZ,0,0,0,0,0,0
Data Scientist ‰ÛÒ Marketing Analytics,Enterprise Select,"Chicago, IL 60601 (Loop area)",125000,We are currently looking for an experienced Data Scientist to join their Digital Analytics team. Leverage in-house data to build predictive models on computing...,1,Chicago,Chicago,IL,0,0,1,0,0,0
Research Analyst,Illinois Criminal Justice Information Authority,"Chicago, IL",57500,Produce analyses of crime trends and provide data management support for the Center‰Ûªs data archive function;...,0,Chicago,Chicago,IL,0,0,0,0,1,0
Research Analyst,ICJIA,"Chicago, IL 60606 (Loop area)",57500,"(3) analyzing qualitative and quantitative data, using statistical software when appropriate; Ability to analyze qualitative and quantitative data using...",0,Chicago,Chicago,IL,0,0,0,0,1,0
Data Scientist,Smith Hanley Associates,"Chicago, IL",105000,"Requirements of the Data Scientist:. Prominent Chicago area company is hiring Data Scientists:. Responsibilities include data sourcing, hypothesis generation,...",1,Chicago,Chicago,IL,0,0,1,0,0,0
"Associate Director, Statistics",Duo Data Services,"Chicago, IL",140000,"Follows best practices for Data Integrity. Serves as a role model, and mentor to statisticians and other scientists....",1,Chicago,Chicago,IL,0,0,0,0,0,0
Lead Data Scientist,Workbridge Associates,"Chicago, IL",140000,A major healthcare corporation located right in the Loop is building out a brand new data analytics team and looking for a Lead Data Scientist to help lead out...,1,Chicago,Chicago,IL,0,0,1,0,0,0
Data Scientist,Jobspring Partners,"Chicago, IL",75000,A voice recognition company is hiring for a Data Scientist passionate about scripting in Python and using Machine Learning libraries to provide insights....,0,Chicago,Chicago,IL,0,0,1,0,0,0
"Lead Data Scientist (Tableau, RShiny, D3)",Workbridge Associates,"Chicago, IL",130000,Hiring for a Senior-Lead Data Scientist for a major healthcare corporation that is building out a new data analytics team in Chicago....,1,Chicago,Chicago,IL,0,0,1,0,0,0
Operations Data Scientist,Huxley Banking & Financial Services,"Chicago, IL",100000,The Operations Data Scientist will also provide analysis for key initiatives on regulatory compliance. The Operations Data Scientist will work with next...,1,Chicago,Chicago,IL,0,0,1,0,0,0
Data Scientist Predictive Modeler,S.C. International,"Chicago, IL",130000,"Seeking a self-starter with 3+ years of professional experience in statistical modeling, data science, machine learning, data or text mining, and data...",1,Chicago,Chicago,IL,0,0,1,0,0,0
Lead Data Scientist (Marketing),Jobspring Partners,"Chicago, IL",145000,Are you a seasoned data scientist interested in getting into a startup that‰Ûªs building out a data product from the ground up? 4+ years data analytics....,1,Chicago,Chicago,IL,0,0,1,0,0,0
Lead Machine Learning Data Scientist,All-In Analytics,"Chicago, IL",120000,DATA SCIENTIST LEAD-Visualization. Lead Machine Learning Data Scientist. Work with data-sets of varying degrees of size and complexity including both structured...,1,Chicago,Chicago,IL,0,0,1,0,0,0
Research Scientist / Sr. Research Scientist,"CPS, Inc.","Chicago, IL",110000,"Research Scientist / Sr. The Research Scientist / Sr. \*Confer with company scientists and commercial teams to conduct analyses of research projects, interpret...",1,Chicago,Chicago,IL,0,0,0,0,0,0
Mid-Level Data Scientist,Workbridge Associates,"Chicago, IL",100000,"Data and technology firm in downtown Chicago is looking to add a full time mid-level data scientist to their team & is willing to pay up to $100,000....",1,Chicago,Chicago,IL,0,0,1,0,0,0
"Data Scientist (Python, R, AWS, Azure)",Workbridge Associates,"Chicago, IL",97500,Our startup client working on risk and fraud detection machine learning software in River North is seeking a junior level Data Scientist to join their growing...,1,Chicago,Chicago,IL,0,0,1,0,0,0
Senior Data Scientist,Go2Group,"Chicago, IL",160000,Seeking a Data Scientist (Consultant to Architect level) to join and help build our emerging Predictive Analytics practice in the Chicago office....,1,Chicago,Chicago,IL,1,0,1,0,0,0
Statistical Analyst,S.C. International,"Chicago, IL",80000,Extremely successful consulting practice has an immediate need for a Statistical Analyst. Our client is an industry leader in consulting to the healthcare,0,Chicago,Chicago,IL,0,0,0,0,1,0
Senior Machine Learning Engineer,Jobspring Partners,"Chicago, IL",115000,"Data Engineering experience. Mobile Sensor Data experience. Located in Downtown Chicago, this Fortune 100 Company is looking for a Senior Machine Learning...",1,Chicago,Chicago,IL,1,0,0,0,0,1
Senior Data Scientist / Machine Learning Engineer,Request Technology,"Northbrook, IL",132500,"Seeking a Senior Data Scientist / Machine Learning Engineer for a global Fortune 500 Client. MS degree in Computer Science, Machine Learning or Artificial...",1,Northbrook,Chicago,IL,1,0,1,0,0,1
Sr. Data Scientist,Request Technology,"Chicago, IL",115000,"Data Scientist‰ÛÒ C++, Python, Perl R, Matlab. Master‰Ûªs degree or Ph.D in and 3 years as a Data Scientist with C/C++, Python, Perl, Java, Company uses Python and...",1,Chicago,Chicago,IL,0,0,1,0,0,0
Data Integration Architect,Request Technology,"Chicago, IL",100000,Strong logical / physical data modeling across many different data management platforms. Data integration issues and integration patterns....,1,Chicago,Chicago,IL,0,0,0,0,0,0
Civil/ Environmental Engineer,"Andrews Engineering, Inc.","Lombard, IL 60148",57500,"Analyzing Data or Information. Collaborate with environmental scientists, planners, hazardous waste technicians, engineers, experts in law or business, or other...",0,Lombard,Chicago,IL,0,0,0,0,0,1
"Manager of Data Science (Python, AWS, Spark)",Workbridge Associates,"Chicago, IL",180000,They need someone with the experience to be hands-on with their data and analytical tools as well as manage and mentor a small team of more junior data...,1,Chicago,Chicago,IL,0,1,0,0,0,0
Sr. Machine Learning Developer,All-In Analytics,"Downers Grove, IL",75000,Experience with data extraction and analysis. Analyzes large amounts of data from our infrastructure systems....,0,Downers Grove,Chicago,IL,0,0,0,0,0,0
"Senior Data Engineer (AWS RedShift, MySQL, Python)",Workbridge Associates,"Chicago, IL",95000,"Our client's Data Scientists and Engineers are instrumental in managing data, understanding the needs of the business to analyze data and presenting information...",0,Chicago,Chicago,IL,1,0,0,0,0,1
Machine Learning Engineer (Ruby),Jobspring Partners,"Chicago, IL",120000,Experience working with electronic medical record data. This is a hybrid role where you will spend half your time programming with Ruby on our core API platform...,1,Chicago,Chicago,IL,0,0,0,0,0,1
PhD in AI / Machine Learning,Griffin Advisors,"San Francisco, CA",275000,"Manipulate and analyze complex, high volume data \*. Use cutting edge statistical machine learning and data science techniques....",1,San Francisco,San Francisco,CA,0,0,0,0,0,0
Data Scientist,Intellipro Group Inc.,"San Francisco, CA",300000,Work with data engineers and other stakeholders in data products pipeline to enable automation of the data-driven products....,1,San Francisco,San Francisco,CA,0,0,1,0,0,0
Quantitative Analyst,Optimal Asset Management Inc,"San Francisco Bay Area, CA",92500,"Assists in the development of data infrastructure for investment management including market, portfolio and analytics data....",0,San Francisco Bay Area,San Francisco,CA,0,0,0,0,1,0
Data Scientist,consol partners,"San Francisco Bay Area, CA",177500,"Data Science / Machine Learing:. Machine learning, data analytics, information retrieval. My client is a stealth mode start up with $1.5 million of investment...",1,San Francisco Bay Area,San Francisco,CA,0,0,1,0,0,0
Predictive Analytics (Machine Learning),"Kennedy Unlimited Inc, Professional Staffing","San Francisco, CA",135000,"Salary 130K to 140K We are assisting our Client, an innovative NEW high growth leader, Are you looking for more responsibility, More challenge. Leadership",1,San Francisco,San Francisco,CA,0,0,0,0,0,0
Data Scientist (Machine Learning),Corporate Labs Technology,"Brisbane, CA",145000,"Machine Learning Developer Brisbane, CA Sign on bonus Stocks! Up to 10% bonuses $110-180k depending on experience Fast growing social media company is",1,Brisbane,San Francisco,CA,0,0,1,0,0,0
Data Scientist,Glocomms,"San Francisco, CA",170000,A leading mobile audience intelligence company empowering marketers with the most comprehensive understanding of people is actively searching for qualified data...,1,San Francisco,San Francisco,CA,0,0,1,0,0,0
"Sr. Senior Statistician PCA, CATA Multivariate, SPSS",Blair Search,"San Carlos, CA",187500,"Can you CRUNCH the numbers and command a room? Perfect ! Are you experienced conducting analyses using CATA , multivariate analysis (cluster analysis",1,San Carlos,San Francisco,CA,1,0,0,0,0,0
Sr Data Scientist- NLP and CODING REQ,Blair Search,"San Ramon, CA",152500,"Our client is looking for a senior data scientist for our first-of-its-kind sales analytics platform, which combines a proprietary, active-learning network with...",1,San Ramon,San Francisco,CA,0,0,1,0,0,0
Laboratory Technician III,"NextGen Jane, Inc.","Oakland, CA",50000,Scientist will be responsible for optimization of protocols and troubleshooting difficult sample types and low input library preparations....,0,Oakland,San Francisco,CA,0,0,0,0,0,0
Data Scientist Data Modeling (Machine Learning Python),"Kennedy Unlimited Inc, Professional Staffing","San Francisco, CA",152500,Responsibilities of the Data Scientist Data Modeling (Machine Learning Python). Experience coding in R and Python and big data environments Hadoop Aster....,1,San Francisco,San Francisco,CA,0,0,1,0,0,0
Director of Data Science,Workbridge Associates,"San Francisco, CA",200000,They are a B2B ride sharing and fleet management application trying to hire their first Data Scientist to build a team....,1,San Francisco,San Francisco,CA,0,0,0,0,0,0
Senior Data Scientist,Robert Walters,"San Francisco, CA",165000,"Data pipeline engineering. We are working with a growing startup in the e-commerce space, and they are looking for a Senior Data Scientist....",1,San Francisco,San Francisco,CA,1,0,1,0,0,0
Machine Learning Engineer,Glocomms,"San Francisco, CA",162500,"Full Stack Machine Learning Engineer Bay Area $125k-200k plus bonus and benefits Key Skills: JavaScript, Python, HTML5, ReactJS Powerhouse AdTech firm",1,San Francisco,San Francisco,CA,0,0,0,0,0,1
Machine Learning Engineer,ConSol Partners,"San Francisco Bay Area, CA",137500,The Company:  Our client is an algorithm and AI centric company whose goal is to achieve safe algorithmic navigation completely independent from any human,1,San Francisco Bay Area,San Francisco,CA,0,0,0,0,0,1
Principal Machine Learning Scientist,Tandem Recruiting Group,"San Francisco Bay Area, CA",140000,"Combining evolutionary computation, deep learning and other AI techniques, and running on one of the world‰Ûªs largest computing grids, the company's platform...",1,San Francisco Bay Area,San Francisco,CA,0,0,0,0,0,0
Head of Data Sciences,Harnham,"San Francisco, CA",240000,"Data Science, Data Scientist, Deep Learning, Tensorflow, Neural Networks, Big Data, R, SQL, Python, Insight, Analytics, Data, Statistics, Modelling, Machine...",1,San Francisco,San Francisco,CA,0,0,0,0,0,0
Machine Learning Research Engineer,Strategic Employment Partners,"San Mateo, CA",120000,My client is a leading technology solutions provider for the medical and healthcare industry currently looking to bring on a Research Engineer to join the,1,San Mateo,San Francisco,CA,0,0,0,0,0,1
Lecturer - Sutardja Center for Entrepreneurship & Technology,University of California Berkeley,"Berkeley, CA",108607,"Product Management, Mobile Applications, Technology Entrepreneurship, Social Entrepreneurship, Technology Firm Leadership, Organizational Behavior, Patent...",1,Berkeley,San Francisco,CA,0,0,0,0,0,0
Advanced Medical Technologist (varies sections),"Veterans Affairs, Veterans Health Administration","San Francisco, CA",91452,"Skilled in informatics, laboratory data flow and the understanding of laboratory processes. Must currently possess or be eligible for and pass within one year...",0,San Francisco,San Francisco,CA,0,0,0,0,0,0
Head of Machine Learning,Workbridge Associates,"San Francisco, CA",175000,Ability to make sense of unlabeled data. Machine learning platform startup in downtown San Francisco is hiring their Head of Machine Learning who will be hands...,1,San Francisco,San Francisco,CA,0,0,0,0,0,0
Senior Accountant,Greenberg Strategy,"San Francisco Bay Area, CA",65000,"Ability to write business correspondence, and summarize data in clear, concise fashion. Ability to communicate financial and other quantitative data through...",0,San Francisco Bay Area,San Francisco,CA,1,0,0,0,0,0
Data Scientist (Sales Analytics),Workbridge Associates,"San Francisco, CA",150000,"You will work on their BI team with other Data Scientists, Engineers, and Designers to make a comprehensive, data driven sales enhancement product....",1,San Francisco,San Francisco,CA,0,0,1,0,0,0
Group Head BAT Biologics,RecruitforKicks,"Berkeley, CA",200000,"Collaborate with the Process Dynamics and Optimization (PDO) group to align analytical data generation, data management, data evaluation and process control...",1,Berkeley,San Francisco,CA,0,0,0,0,0,0
Data Science Engineer,Workbridge Associates,"San Francisco, CA",155000,The Data Science Engineering department is hiring mid-level and senior Data Scientists to join established teams....,1,San Francisco,San Francisco,CA,0,0,0,0,0,1
Senior Data Scientist (NLP),Workbridge Associates,"San Francisco, CA",150000,Data Scientist that will be formative in shaping the company‰Ûªs text analytics & machine learning product. Exposure to DevOps or data infrastructure....,1,San Francisco,San Francisco,CA,1,0,1,0,0,0
Data Scientist,First Derivatives,"New York, NY 10022 (Midtown area)",75000,"Data Scientists explore vast amounts of information to detect patterns, trends and correlations that enable businesses to improve their products, services and...",0,New York,New York,NY,0,0,1,0,0,0
"Data Scientist (Statistical Modeling, Big Data, ETL)","Quintrix Solutions, Inc","New York, NY",135000,"ESSENTIAL DUTIES AND RESPONSIBILITIES OF THE DATA SCIENTIST:. The starting salary for the Data Scientist position is $135,000....",1,New York,New York,NY,0,0,1,0,0,0
Data Scientist,MetroPlus Health Plan,"New York, NY",102500,"The Data Scientist will be tasked with leading data science projects to discover the information hidden in vast amounts of data, and help us make smarter...",1,New York,New York,NY,0,0,1,0,0,0
Data Scientist,Enterprise Select,"New York, NY 10005 (Financial District area)",185000,"Financial Services data such as transactions, payments, customer data etc. 3yrs+ experience in a data scientist role - working in the field....",1,New York,New York,NY,0,0,1,0,0,0
"Research Scientist of Special Projects, World Trade Center H...",DEPT OF HEALTH/MENTAL HYGIENE,"Queens, NY",97866,"Maintain confidentiality of identifiable data. Supervise at least one City Research Scientist analyzing data, preparing manuscripts and presentations, and...",1,Queens,New York,NY,0,0,0,0,0,0
Quantitative Analyst,A Priori Investment Management LLC,"New York, NY 10016 (Gramercy area)",150000,"Explore complex, unorthodox, and unstructured data sources. As a small company, projects will cover a broad spectrum from seeking hidden value in data to...",1,New York,New York,NY,0,0,0,0,1,0
Data Analyst,POLICE DEPARTMENT,"New York, NY",79249,"Extensive knowledge of applied statistics, analytics, machine learning, data science or big data tools....",0,New York,New York,NY,0,0,0,0,1,0
Data Scientist - Neural Networks,Geode Executive Search,"New York, NY",130000,A well-known tech company in New York is looking to hire a Data Scientist into a group of scientists that develop search algorithms for image media....,1,New York,New York,NY,0,0,1,0,0,0
Predictive Analytics (Machine Learning),"Kennedy Unlimited Inc, Professional Staffing","New York, NY",135000,"Salary 130K to 140K We are assisting our Client, an innovative NEW high growth leader, Are you looking for more responsibility, More challenge. Leadership",1,New York,New York,NY,0,0,0,0,0,0
"Criminal Justice Analyst, Bureau of Mental Health",DEPT OF HEALTH/MENTAL HYGIENE,"Queens, NY",79249,"Develop expertise in Maven, and other available data and health management systems and information to extract data for analysis, build and configure re...",0,Queens,New York,NY,0,0,0,0,1,0
Geospatial Data Scientist,DEPARTMENT OF FINANCE,"Manhattan, NY",75643,The Property Valuation & Mapping Unit is seeking a Geospatial Data Scientist to provide imagery processing specifically related to the exploitation of LiDAR and...,0,Manhattan,New York,NY,0,0,1,0,0,0
"Researcher/Data Analyst, Bureau of Mental Health",DEPT OF HEALTH/MENTAL HYGIENE,"Queens, NY",75557,"Conduct analysis on both survey data and on large administrative datasets (such as SPARCS data, Vital Stats data, program data) to evaluate outcomes, program...",0,Queens,New York,NY,0,0,0,0,1,0
Overdose Prevention Coordinator,DEPT. OF HOMELESS SERVICES,"Manhattan, NY",79249,"Collect and analyze OD prevention training data, naloxone usage data and overdose reversal reports,. Understanding of and ability to plan and perform data...",0,Manhattan,New York,NY,0,0,0,0,0,0
Data Scientist,Oliver James Associates,"New York, NY",180000,"Perform Data Analysis and data manipulation on large datasets using various tools. This senior position will oversee the mapping of data movement, data sources,...",1,New York,New York,NY,0,0,1,0,0,0
Health Scientist,Centers for Disease Control and Prevention,"New York, NY",120186,Analyze scientific investigation data. The Centers for Disease Control and Prevention (CDC) is the agency Americans trust with their lives....,1,New York,New York,NY,0,0,0,0,0,0
Full-Stack Engineer,605,"New York, NY",112500,"Our team of data scientists pioneered the field of TV data analytics. At 605 we are engineers, analysts, data scientists, media experts, marketing strategists...",1,New York,New York,NY,0,0,0,0,0,1
Research Analyst II,Research Foundation of The City University of New...,"New York, NY",65000,Work closely with REPS data management staff to maintain project-related data sources. Familiarity with matching data sets and manipulating large amounts of...,0,New York,New York,NY,0,0,0,0,1,0
CHILD WELFARE ANALYST,ADMIN FOR CHILDREN'S SVCS,"Manhattan, NY",76170,"Experience working with large administrative data including data cleaning and data manipulations, and conducting descriptive statistical analyses;...",0,Manhattan,New York,NY,0,0,0,0,0,0
Client Facing Python Engineers for A.I data consultancy,Birch & James Associates Limited,"New York, NY",90000,"An interest in machine learning and/or data science. Triage and solve frontline engineering problems and incoming requests, whilst working with our project...",0,New York,New York,NY,0,0,0,0,0,1
"Statistician, Level I",POLICE DEPARTMENT,"New York, NY",52903,"Selected candidate will be responsible for processing, analyzing, and extracting information from data and conducting an analysis on issues regarding deployment...",0,New York,New York,NY,0,0,0,0,0,0
Research Associate,DEPT OF YOUTH & COMM DEV SRVS,"Manhattan, NY",77643,Collecting and analyzing data; Assist with drafting evaluation designs and developing data collection tools;...,0,Manhattan,New York,NY,0,0,0,0,0,0
"Research Analyst, Policing and SUMH",Vera Institute of Justice,"New York, NY 10279 (Financial District area)",42500,Collecting and analyzing data; Interest and/or previous experience working on data visualization tools; Experience managing and analyzing data and program...,0,New York,New York,NY,0,0,0,0,1,0
Senior Research Analyst,CONSUMER AFFAIRS,"Manhattan, NY",76143,"And assisting with data analysis, management, and reporting on OFE programs. Implement OFE‰Ûªs monitoring and evaluation processes including defining appropriate...",0,Manhattan,New York,NY,1,0,0,0,1,0
Research Scientist 1 Or Research Scientist 2 (Epidemiology)...,"Health, Department of","Albany, NY",63030,"Demonstrated proficiency in the collection, management, linkage, and analysis of environmental and human health data;...",0,Albany,New York,NY,0,0,0,0,0,0
Data Scientist,Robert Walters,"New York, NY",100000,About the Data Scientist:. Key Responsibilities of the Data Scientist:. As a Data Scientist you should have the following attributes:....,1,New York,New York,NY,0,0,1,0,0,0
Data Scientist,Averity,"New York, NY",132500,"Our team is made up of five data scientists, and you will be number six. Our Data Science team is made up of five well educated and very smart individuals....",1,New York,New York,NY,0,0,1,0,0,0
Energy Data Policy Advisor,DEPT OF ENVIRONMENT PROTECTION,"Manhattan, NY",65977,Benchmarking Data Disclosure. Manage process of gathering and releasing disclosure data via NYC Open Data and NYC Energy and Water Performance Map....,0,Manhattan,New York,NY,0,0,0,0,0,0
Senior Data Engineer,Enterprise Select,"New York, NY 10011 (Chelsea area)",140000,"Ensure data pipeline provides clean organized, aggregated data into databases for use by Data Scientists. Understanding of data structures and algorithms....",1,New York,New York,NY,1,0,0,0,0,1
Research Scientist,Stony Brook University,"Stony Brook, NY",67500,Experience with advanced data analysis software. Stony Brook University has a Research Scientist in the department of Neurobiology & Behavior....,0,Stony Brook,New York,NY,0,0,0,0,0,0
Data Manager/Statistician,Stony Brook University,"Stony Brook, NY",57000,"Compliant data analysis. Biostatistics and data management; Survival analysis, longitudinal data analysis, survey data analysis, etc.);...",0,Stony Brook,New York,NY,0,1,0,0,0,0
Senior Modeler,DEPARTMENT OF FINANCE,"Manhattan, NY",75557,"Construct mathematical models that predict the market value of properties from real estate data. Decisions processes, econometric methods, data envelopment...",0,Manhattan,New York,NY,1,0,0,0,0,0
"Research Analyst , Bureau of HIV/AIDS Prevention and Control",DEPT OF HEALTH/MENTAL HYGIENE,"New York, NY",78790,And a general appreciation for data quality. -Assume leadership role in data management and analysis. Two years as a City Research Scientist Level I can be...,0,New York,New York,NY,0,0,0,0,1,0
Variant Scientist,EPM Scientific,"New York, NY",90000,Data Management Expertise; Lead variant surveillance by working cross-functionally with your team of fellow variant scientists....,0,New York,New York,NY,0,0,0,0,0,0
Senior Analyst,ADMIN FOR CHILDREN'S SVCS,"New York, NY",77035,Perform analytic tasks using individual/case level data and aggregate data. Proficiency using ArcGIS and data visualization software....,0,New York,New York,NY,1,0,0,0,1,0
Research Scientist 3 (Immunohematology) - 14564,"Health, Department of","Albany, NY",90247,"Experience performing the analysis of scientific data, preparing reports summarizing scientific findings, policies and procedures....",0,Albany,New York,NY,0,0,0,0,0,0
"VP, Data Scientist - Banking",Harnham,"New York, NY",180000,"VP, Data Scientist - Banking. Data Scientist | Predictive Models | Machine Learning | Banking. Expertise in utilizing relational databases for data storage and...",1,New York,New York,NY,0,0,1,0,0,0
Director of Data Science (Startup),Averity,"New York, NY",170000,This is a great opportunity for an experienced data scientist to join one of the most exciting and cutting-edge startups in New York....,1,New York,New York,NY,0,0,0,0,0,0
"Senior Research Analyst, Bureau of Maternal Infant and Repro...",DEPT OF HEALTH/MENTAL HYGIENE,"Queens, NY",90615,"Perform data analyses for routine reports, data requests, evaluation projects, surveillance projects and other special epidemiologic analyses....",0,Queens,New York,NY,1,0,0,0,1,0
Research Analyst (Job ID: 287881),NYC Department of Consumer Affairs,"Manhattan, NY",76143,Using statistical software and data analysis tools to analyze large data sets. Two years as a City Research Scientist Level I can be substituted for the...,0,Manhattan,New York,NY,0,0,0,0,1,0
"Provider Specialist, Bureau of HIV/AIDS Prevention and Contr...",DEPT OF HEALTH/MENTAL HYGIENE,"Queens, NY",65977,"Two years as a City Research Scientist Level I can be substituted for the experience required in ""1"" and ""2"" above....",0,Queens,New York,NY,0,0,0,0,0,0
"PECO Data Analyst, Bureau of Emergency Field Operations",DEPT OF HEALTH/MENTAL HYGIENE,"Manhattan, NY",62693,"Experience managing, cleaning, analyzing and reporting on quantitative data from multiple sources. High level or proficiency with Microsoft Excel, statistical...",0,Manhattan,New York,NY,0,0,0,0,1,0
DATA ANALYST,HRA/DEPT OF SOCIAL SERVICES,"Manhattan, NY",59984,"The Data Analyst will:. Experience with data visualization techniques. Organizations to utilize new technological resources, encourage data sharing,....",0,Manhattan,New York,NY,0,0,0,0,0,0
"Evaluation Specialist, Disease Control Administration",DEPT OF HEALTH/MENTAL HYGIENE,"Queens, NY",78790,#NAME?,0,Queens,New York,NY,0,0,0,0,0,0
"Data Analyst, Bureau of Division Management/Center for Healt...",DEPT OF HEALTH/MENTAL HYGIENE,"Queens, NY",62693,O Staff training data o All-staff survey data o Core Team data o Workgroup members interviews o Administrative data o Other data collected as part of the...,0,Queens,New York,NY,0,0,0,0,1,0
Senior Research Analyst,OFFICE OF THE COMPTROLLER,"Manhattan, NY",75000,Exceptional writing skills and ability to perform complex data and/or legal analysis; The office of Comptroller Scott M....,0,Manhattan,New York,NY,1,0,0,0,1,0
"Research Scientist, Bureau of Veterinary and Pest Control Se...",DEPT OF HEALTH/MENTAL HYGIENE,"Manhattan, NY",90981,A general appreciation for data quality. Create visualizations and presentations summarizing program data. Two years as a City Research Scientist Level I can be...,0,Manhattan,New York,NY,0,0,0,0,0,0
Environmental Compliance Specialist,DEPARTMENT OF TRANSPORTATION,"Manhattan, NY",79249,"Draft summaries, plans, reports, presentations, track data and maintain databases. Proficiency with GIS, strong communication skills, ability to research...",0,Manhattan,New York,NY,0,0,0,0,0,0
"Panel Maintenance Analyst, World Trade Center Health Registr...",DEPT OF HEALTH/MENTAL HYGIENE,"Manhattan, NY",65977,#NAME?,0,Manhattan,New York,NY,0,0,0,0,1,0
Principal Data Scientist,Oliver James Associates,"New York, NY",160000,"Manage highly complex analytical projects from data exploration, model building, performance evaluation & testing....",1,New York,New York,NY,0,0,1,0,0,0
"Special Assistant to the Commissioner, Office of the Commiss...",DEPT OF HEALTH/MENTAL HYGIENE,"Queens, NY",79249,Make and record observations on the progress of research/investigations and evaluates data. Two years as a City Research Scientist Level I can be substituted...,0,Queens,New York,NY,0,0,0,1,0,0
Senior Data Scientist,Analytic Recruiting,"New York, NY 10017 (Midtown area)",160000,"Major insurance company seeks an experienced Senior Data Scientist with very strong modeling skills in SAS, R, or similar and experience with other data science...",1,New York,New York,NY,1,0,1,0,0,0
"Data Scientist, Marketing Analytics",Analytic Recruiting,"New York, NY 10017 (Midtown area)",87500,"Data Scientist a.k.a. Data Scientist, Marketing Analytics. Organization seeks a Data Scientist within its analytics group....",0,New York,New York,NY,0,0,1,0,0,0
"Evaluation Lead, Bureau of Systems Strengthening and Access",DEPT OF HEALTH/MENTAL HYGIENE,"Queens, NY",97866,"This position will be part of a team of data scientists managing and developing tools for enhances measurement and analytics, as well as providing rapid...",1,Queens,New York,NY,0,0,0,0,0,0
OSPE Program Analyst,DEPT OF ENVIRONMENT PROTECTION,"Queens, NY",79249,"Data sources include:. Develop and oversees the OSPE‰Ûªs Data Management System. Provide analytical assistance, including quantitative and qualitative data...",0,Queens,New York,NY,0,0,0,0,1,0
Senior Data Engineer ( Search / IR / Python / ML / NLP / AI...,Venturi Ltd,"New York, NY",175000,Senior Data Engineer / Search / IR / Python / Machine Learning / NLP / Natural Language processing / Information Retrieval / Data Science / Deep Learning / Text...,1,New York,New York,NY,1,0,0,0,0,1
"Research Data Analyst , Bureau of Veterinary and Pest Contro...",DEPT OF HEALTH/MENTAL HYGIENE,"Manhattan, NY",62693,#NAME?,0,Manhattan,New York,NY,0,0,0,0,1,0
"Senior Data Scientist for Global, Multi-Billion Dollar Publi...",Averity,"New York, NY",145000,"Are you a Senior Data Scientist looking to join a top,international publishing company'sGlobal Pricing Analytics team?...",1,New York,New York,NY,1,0,1,0,0,0
Bioinformatics Analyst,"Envisagenics, Inc.","New York, NY",60000,"To work with Envisagenics data engineers and bioinformatics scientists to develop, maintain and analyze the company‰Ûªs proprietary database....",0,New York,New York,NY,0,0,0,0,1,0
Director of Research and Analysis,BOARD OF CORRECTION,"New York, NY",75557,"The Board‰Ûªs research team conducts primary and secondary research and analysis, using its unbridled access to the DOC‰Ûªs data, policies and jails as its rich...",0,New York,New York,NY,0,0,0,0,0,0
"Laboratory Animal Caretaker, Grade 5, Job #17071701",New York State Psychiatry Institute,"New York, NY",25663,"Assist scientists and technicians. Collect and maintain data and records for animal rooms (room activity sheets, procedure room logs, cage wash temperature tape...",0,New York,New York,NY,0,0,0,0,0,0
Data Scientist,Isaacson Search Company,"New York, NY 10003 (Greenwich Village area)",200000,"Data Scientist, Big Data, SQL, NoSQL, C++, Python, R, SPSS, SAS,. Major hedge fund has an expanding group in Data Science and is looking for top candidates...",1,New York,New York,NY,0,0,1,0,0,0
Research Scientist - SSIE,Research Foundation of SUNY,"Vestal, NY",65000,"The Research Scientist is also expected to:. Reporting to and working closely with the WISE Director, Associate Director, Assistant Directors, and faculty, the...",0,Vestal,New York,NY,0,0,0,0,0,0
Software Engineer,"Envisagenics, Inc.","New York, NY",90000,"Data management with NoSQL data stores such as MongoDB, Cassandra, Riak. To work with Envisagenics data engineers and bioinformatics scientists to enhance...",0,New York,New York,NY,0,0,0,0,0,1
Senior Machine Learning Engineer ( Computer Vision / Search...,Venturi Ltd,"New York, NY",160000,"Senior Machine Learning Engineer, Computer Vision, CV, Technical Lead, ML Engineer, Data Scientist, Hadoop, Python, C++, SIMD, CUDA, Computer Science, Big Data,...",1,New York,New York,NY,1,0,0,0,0,1
Lead Data Scientist,Robert Walters,"New York, NY",125000,About the Lead Data Scientist:. A Global leader in the Healthcare Insurance industry is rapidly expanding their Data Science practice and is actively seeking a...,1,New York,New York,NY,0,0,1,0,0,0
Senior Quantitative Financial Analyst-Audit Model Risk,Access Staffing LLC,"New York, NY 10017 (Midtown area)",170000,"Master's or Ph.D. in a quantitative discipline such as mathematics, statistics, operations research, physics, or economics. Sound organizational, analytical,",1,New York,New York,NY,1,0,0,0,1,0
"Data Manager ‰ÛÒ Researcher, Bureau of Children, Youth & Famil...",DEPT OF HEALTH/MENTAL HYGIENE,"New York, NY",75557,"Experience designing and conducting analyses of large secondary datasets, including analysis of complex survey data....",0,New York,New York,NY,0,1,0,0,0,0
Democracy & Mapping Engineer,Algorithmic Districting Initiative (Non-Profit),"New York, NY 10011 (Chelsea area)",120000,We‰Ûªre looking for an engineer and/or data scientist to help save our democracy. 2+ years of production engineering and/or data analysis experience....,1,New York,New York,NY,0,0,0,0,0,1
"Hypertension Initiative Coordinator, Prevention and Primary...",DEPT OF HEALTH/MENTAL HYGIENE,"Queens, NY",79249,"In partnership with the HTN Initiative Manager, contribute to evaluation tracking, data collection, metrics and monitoring....",0,Queens,New York,NY,0,0,0,0,0,0
Lead Data Scientist,Oliver James Associates,"New York, NY",120000,"Integrate and mine large data sets, connecting data from disparate sources to identify insights and patterns using predictive and prescriptive analytics, and...",1,New York,New York,NY,0,0,1,0,0,0
"Senior Data Manager, Family and Child Health Administration",DEPT OF HEALTH/MENTAL HYGIENE,"Queens, NY",90981,Developing and implementing data quality assurance and data reporting systems. Collect longitudinal follow-up data on affected children;...,0,Queens,New York,NY,1,1,0,0,0,0
Quantitative Risk Analyst (Top Tier Hedgefund),Robert Walters,"New York, NY",115000,"Statistics, econometrics, finance, data science) or a quantitative employment history of 2-5 + years. They‰Ûªre looking for someone who can build an equity risk...",1,New York,New York,NY,0,0,0,0,1,0
Technical Service Engineer,Etech Hi Inc.,"Buffalo, NY",55000,"Perform data analysis and create reports based on findings. Process engineer, chemical engineer, engineer, project engineer, development engineer, engineering...",0,Buffalo,New York,NY,0,0,0,0,0,1
Data Scientists,Smith Hanley Associates,"New York, NY",110000,"2-4 years of data science experience. Translate complex data problems into business strategies. Experience in translating business questions, utilizing data and...",1,New York,New York,NY,0,0,1,0,0,0
Data Scientist - Modeling,Harnham,"New York, NY",125000,"Data Scientist - Modeling. As a Data Scientist, you will be an integral part of drafting the new work flow for data and analytics within the organization....",1,New York,New York,NY,0,0,1,0,0,0
Quantitative Risk Analyst,Robert Walters,"New York, NY",115000,"Statistics, econometrics, finance, data science) or a quantitative employment history of 2-5 + years. My client is a top tier hedge fund in NYC looking to bring...",1,New York,New York,NY,0,0,0,0,1,0
Principal Data Scientist,Robert Walters,"New York, NY",145000,"About the Principal Data Scientist:. In these business critical and unique positions, the Principal Data Scientist will have the opportunity to develop new...",1,New York,New York,NY,0,0,1,0,0,0
Chief Data Scientist - Consulting,Harnham,"New York, NY",220000,Chief Data Scientist - Consulting. Chief Data Scientist | Data Science | Insurance | Management Consulting | Project Management | Statistical Modeling....,1,New York,New York,NY,0,0,1,0,0,0
IT Support Specialist,AiCure,"New York, NY",70000,"Learn how we combine machine learning, computer vision and big data:. You'll work with scientists, engineers, designers, and medical doctors, to create...",0,New York,New York,NY,0,0,0,0,0,0
Sr. Data Scientist for Fortune 500 Company,Averity,"New York, NY",170000,Are you an experienced Senior Data Scientist looking to impact a Fortune 500's most important business decisions?...,1,New York,New York,NY,0,0,1,0,0,0
Computer Vision / Machine Learning Engineer,3coast,"New York, NY",127500,The amount of data they have and the ambitions for the video analysis capabilities create an environment where you will pick unique challenges and deploy your...,1,New York,New York,NY,0,0,0,0,0,1
Sr. Modeling Data Scientist,S.C. International,"New York, NY",130000,Large insurance organization is seeking talent to join growing corporate analytics group. Great opportunity to join a fast paced and growing entrepreneurial,1,New York,New York,NY,0,0,1,0,0,0
Research Associate,University of Texas at Dallas,"Richardson, TX",55000,The successful candidates will work collaboratively with a team of engineers and scientists to develop biomedical devices for eventual deployment as clinical...,0,Richardson,Dallas,TX,0,0,0,0,0,0
Account Research Analyst,Real Time Resolutions Inc.,"Dallas, TX 75247 (Northwest Dallas area)",30000,"Review and record data from various online databases, client contacts, and internal departments in order to verify account information....",0,Dallas,Dallas,TX,0,0,0,0,1,0
Administrative Assistant,Medcillary,"Dallas, TX",32000,"With Medcillary, you will have the opportunity to work with some of the most experienced physician pathologists, surgeons, doctoral scientists, certified...",0,Dallas,Dallas,TX,0,0,0,1,0,0
District Sales Manager,Anchor Point Technology Resources,"Dallas, TX",100000,"Ability to handle technical processes, data gathering, data analysis and technical sales processes. Client's scientists are globally located in R&D Centers of...",1,Dallas,Dallas,TX,0,1,0,0,0,0
Certifying Scientist,Lighthouse Recruiting,"Dallas, TX",72500,"Join our Medical Laboratory Scientists Groups:. Reviews drug confirmation data from the laboratory, compares with the initial screening data for accuracy and...",0,Dallas,Dallas,TX,0,0,0,0,0,0
"Method Development, Clinical Toxicology",Lighthouse Recruiting,"Dallas, TX 75240 (Far North area)",70000,Analyzing and interpreting data and making sure that data is accurately recorded in accordance to guidelines....,0,Dallas,Dallas,TX,0,0,0,0,0,0
DIRECTOR OF MARKETING ANALYTICS,Cottonwood Financial,"Irving, TX 75038",120000,"7+ years of work experience as a Data Scientist, Statistician, Marketing Analyst, Risk Analyst, or other analytics roles in a consumer credit environment....",1,Irving,Dallas,TX,0,0,0,0,0,0
Data Scientist,"Computer Enterprises, Inc. (CEI)","Philadelphia, PA",122500,"Candidates will be doing data algorithms, data modeling, visualization and analytics. Big data experience required (Scala, Hive, Spark, Hadoop ‰ÛÒ not super...",1,Philadelphia,Philadelphia,PA,0,0,1,0,0,0
Data Analytics Engineer,CEI,"Philadelphia, PA",85000,Data Analytics Engineer*. An experienced data software engineer who have been working with large-scale and distributed data pipelines....,0,Philadelphia,Philadelphia,PA,0,0,0,0,0,1
"Data Scientist (R, SAS, Python)",Jobspring Partners,"Philadelphia, PA",110000,A global leader in sensor solutions is looking to add a Data Scientist to join their cutting edge tech team. This position will be responsible for collaborating...,1,Philadelphia,Philadelphia,PA,0,0,1,0,0,0
"Data Scientist - Machine Learning, Team Buildout",Workbridge Associates,"Philadelphia, PA",97500,Experience creating Data Visualization; They do also have a Lead Data Scientists and management in place to bring in and introduce a new Scientist to their...,1,Philadelphia,Philadelphia,PA,0,0,1,0,0,0
Predictive Analytics (Machine Learning),"Kennedy Unlimited Inc, Professional Staffing","Wilmington, DE",135000,"Salary 130K to 140K We are assisting our Client, an innovative NEW high growth leader, Are you looking for more responsibility, More challenge. Leadership",1,Wilmington,Philadelphia,DE,0,0,0,0,0,0
"Research Scientist (Gene Therapy, Molecular Cloning, ELISA)",Apex Life Sciences,"Philadelphia, PA",50000,"Analyze and interpret the results including statistical analyses, and creating graphs/figures for data presentations and publications....",0,Philadelphia,Philadelphia,PA,0,0,0,0,0,0
"Data Analyst/Scientist (SAS, Python, SQL)",Jobspring Partners,"Philadelphia, PA",105000,A health services company that leverages technology to help their clients gain access to a breadth of unused data is looking to bring on a Data Analyst...,1,Philadelphia,Philadelphia,PA,0,0,0,0,1,0
Data Scientist/Optimization Engineer,Jobspring Partners,"Philadelphia, PA",112500,In this role you will be extracting power plant data to create algorithms that increase efficiency. An innovative energy solutions company is looking to add a...,1,Philadelphia,Philadelphia,PA,0,0,1,0,0,1
Data Scientist/Machine Learning Specialist,Jobspring Partners,"Philadelphia, PA",130000,"A leading healthcare analytical team, one of the world's best within the life sciences industry, is seeking a Machine Learning Specialist/ Data Scientist join...",1,Philadelphia,Philadelphia,PA,0,0,1,0,0,0
Quantitative Analyst,Winston Fox,"Philadelphia, PA",105000,"In this role, you will examine global markets, utilizing terabytes of data, and leverage your statistical, analytic and computational skills to build models and...",1,Philadelphia,Philadelphia,PA,0,0,0,0,1,0
Quant Research Analyst,3coast,"Philadelphia, PA",200000,"Experience in data and time series analysis strongly preferred. 2+ years of professional and/or academic experience in model development, big data analysis and...",1,Philadelphia,Philadelphia,PA,0,0,0,0,1,0
NMR Spectroscopist,EPM Scientific,"West Point, PA",130000,"Scientist | Structure Elucidation*. Excellent Written and Data Compiling Skills via IT Solutions. West Point, PA*....",1,West Point,Philadelphia,PA,0,0,0,0,0,0
Machine Learning Engineer,Jobspring Partners,"Philadelphia, PA",125000,"This engineer will be working conjointly with a team of researchers, data scientists, and engineers in analyzing large data sets and making crucial predictions...",1,Philadelphia,Philadelphia,PA,0,0,0,0,0,1
Data Scientist,Workbridge Associates,"Philadelphia, PA",127500,"In this role you will be a large part of data mining, optimization, and statistical analysis. One of the most innovative and bleeding edge energy companies is...",1,Philadelphia,Philadelphia,PA,0,0,1,0,0,0
Senior Data Scientist Healthcare,Harnham,"Philadelphia, PA",170000,"Senior Data Scientist - Healthcare. Reporting to the Director of the Data Science team, as a Senior Data Scientist you will be solving some of healthcare's most...",1,Philadelphia,Philadelphia,PA,1,0,1,0,0,0
Mid Level Business Analyst,Jobspring Partners,"Philadelphia, PA",72500,"As a Business Analyst, you will work closely with developers, analysts, and data scientists to help deliver project deadlines....",0,Philadelphia,Philadelphia,PA,0,0,0,0,1,0
DevOps Engineer,Juno Search Partners,"Philadelphia, PA 19107 (City Center East area)",110000,"Their academic platform helps answer questions around data sharing and analysis, helping scientists and medical professionals make better decisions within...",1,Philadelphia,Philadelphia,PA,0,0,0,0,0,1
Clinical Study Associate Trial Master File ‰ÛÒ TMF,inVentiv Health Clincal,"Collegeville, PA",56000,"At least 3 years‰Ûª experience from a CRO or Sponsor Company working in clinical research, clinical operations or data scientist roles (eg Study Manager, Clinical...",0,Collegeville,Philadelphia,PA,0,0,0,0,0,0
Senior Statistician/Data Scientist-PHARMA,Smith Hanley Associates,"Horsham, PA",120000,Statistician/Data Scientist Responsibilities. Cleaning up Noise from data. 7+ years delivering data science outcomes....,1,Horsham,Philadelphia,PA,1,0,1,0,0,0
Senior Front-End Engineer,Jobspring Partners,"Philadelphia, PA",145000,One will be a web-based application used by data scientists for machine learning purposes. Previous big data experience....,1,Philadelphia,Philadelphia,PA,1,0,0,0,0,1
Lead Machine Learning Engineer,Jobspring Partners,"Philadelphia, PA",132500,Experienced with Data Mining. Experience working with machine learning and data mining are an absolute must....,1,Philadelphia,Philadelphia,PA,0,0,0,0,0,1
Statistical Research Specialist,Denver Health,"Denver, CO",66654,"Typically, one (1) or more years of healthcare data analysis working with supporting or. Under minimal supervision, coordinates and performs statistical...",0,Denver,Denver,CO,0,0,0,0,0,0
Data Scientist,TechnoHealth,"Denver, CO",150000,"Sr Data Scientist. Predictive modeling , Python or R modeling, design/build data visualization and dashboard. NLP, DL, ML for AML/KYC/customer/product analytics...",1,Denver,Denver,CO,0,0,1,0,0,0
"Head, Jerry Crail Johnson Earth Sciences & Map Library",University of Colorado,"Boulder, CO",65000,"Awareness of contemporary research data issues, and building collections that. Demonstrated understanding of data literacy and research competencies in the...",0,Boulder,Denver,CO,0,0,0,0,0,0
SENIOR RESEARCH ANALYST,Denver Public Schools,"Denver, CO",69673,"Create, maintain and manage data views (end user view design). Collaborate with Digital Doors portal managers on student outcome data reports design and...",0,Denver,Denver,CO,0,0,0,0,0,0
Post-Doctoral Fellow,University of Colorado,"Aurora, CO",47477,"Synthesis of data presenting data at lab meetings, reviewing literature relevant to project and writing of manuscript. Collection and analysis of all data....",0,Aurora,Denver,CO,0,0,0,0,0,0
Government Enterprise Architect,xentity corporation,"Denver, CO",111000,"Validate data models (logical and physical) for adherence to data management standards. Maintain a data dictionary containing information about data, including...",1,Denver,Denver,CO,0,0,0,0,0,0
IBS Project Coordinator / Sponsored Project Specialist,University of Colorado,"Boulder, CO",43000,A senior research scientist. And resolving fiscal-related issues by data mining financial systems. Who we are:....,0,Boulder,Denver,CO,0,0,0,0,0,0
Senior Software Architect for Cybersecurity Industry Leader,Technical Integrity,"Boulder, CO 80303 (Southeast Boulder area)",170000,"Designing and building large-scale and performant distributed data processing systems:. The senior software architect, who will work directly to the Co-founder...",1,Boulder,Denver,CO,1,0,0,0,0,0
Senior Statistician - Credit Cards,Seek Business Capital,"Los Angeles, CA 90048",70000,"Automate data extraction and data preprocessing tasks. Validate data, identify data quality issues (if any), and work with Technology to address them....",0,Los Angeles,Los Angeles,CA,1,0,0,0,0,0
Programmer Analyst II,USC,"Los Angeles, CA",73995,"Data sets may include high-dimensional multi-omic data, time series from live cell microscopy, and complex clinical data from electronic medical records....",0,Los Angeles,Los Angeles,CA,0,0,0,0,1,0
Investigations & Research Analyst,Gavin de Becker & Associates,"Beverly Hills, CA",42500,"Mission & Service Los Angeles, CA Gavin de Becker & Associates is a dynamic security firm innovating threat assessment and public figure protection.",0,Beverly Hills,Los Angeles,CA,0,0,0,0,1,0
"MEDICAL TECHNOLOGIST, LABORATORY INFORMATION SYSTEMS",Los Angeles County Department of Human Resources,"Los Angeles, CA",88765,"Clinical Laboratory Scientist, Limited Clinical Laboratory Scientist, Clinical Microbiologist Scientist License, or Public Health Microbiologist Certificate...",0,Los Angeles,Los Angeles,CA,0,0,0,0,0,0
Bioinformatics Programmer,USC,"Los Angeles, CA",93500,"Additionally, the candidate will develop and maintain data processing applications and reference databases hosted on local Linux servers....",0,Los Angeles,Los Angeles,CA,0,0,0,0,0,0
Computer Vision Data Scientist,MACP Los Angeles,"Los Angeles, CA",185000,We are looking for a Senior Data Scientist with experience applying state of the art machine learning algorithms to massive data sets.Some of the projects that...,1,Los Angeles,Los Angeles,CA,0,0,1,0,0,0
Big Data Engineer,Jobspring Partners,"Los Angeles, CA",160000,"This engineer will work alongside data scientists, quantitative developer and modelers to build machine learning models and transition them to a big data...",1,Los Angeles,Los Angeles,CA,0,0,0,0,0,1
Senior Data Scientist,All-In Analytics,"Los Angeles, CA",165000,HEAD DATA SCIENTIST. The Head Data Scientist is also responsible for bringing innovative ideas in analytics to business leadership....,1,Los Angeles,Los Angeles,CA,1,0,1,0,0,0
Data Scientist,Smith Hanley Associates,"Calabasas, CA",120000,Data Scientist Responsibilities:. Use programming languages to analyze data. Expert in data mining and marketing analytics....,1,Calabasas,Los Angeles,CA,0,0,1,0,0,0
Clinical Laboratory Scientist,CooperGenomics,"Los Angeles, CA",65000,Current or imminent State of California Clinical Laboratory Scientist license.*. We have an exciting opportunity for a Clinical Laboratory Scientist at our Los...,0,Los Angeles,Los Angeles,CA,0,0,0,0,0,0
Director of Data Science,Swifter,"Los Angeles, CA",225000,Recruiting data scientists to join our existing team and building Swifter's brand within the data science community....,1,Los Angeles,Los Angeles,CA,0,0,0,0,0,0
Principal Data Scientist,HERO.jobs,"Los Angeles, CA",200000,They need a Lead or Principal level Data Scientist who is an expert with Neural Networks and Machine Learning to work with a talented team based near Culver...,1,Los Angeles,Los Angeles,CA,0,0,1,0,0,0
Mobile Director,LT,"Los Angeles, CA",225000,"There is currently three Data Scientists. Data Science is using R, Hadoop, Spark, Python and more. My client a leading consumer facing Application Company...",1,Los Angeles,Los Angeles,CA,0,0,0,0,0,0
Senior iOS Developer,LT,"Los Angeles, CA",170000,"There is currently three Data Scientists. Data Science is using R, Hadoop, Spark, Python and more. My client a leading consumer facing Application Company...",1,Los Angeles,Los Angeles,CA,1,0,0,0,0,0
LC/MS Clinical Laboratory Scientist,Lighthouse Recruiting,"Pasadena, CA",95000,"Join our Medical Laboratory Scientists Groups:. And also performing quantitative analysis, data review and certifying and releasing results....",0,Pasadena,Los Angeles,CA,0,0,0,0,0,0
Data Scientist,Smith Hanley Associates,"Pittsburgh, PA",95000,Qualifications of the Data Scientist:. Well known company is seeking a Data Scientist to use statistical analysis to improve target marketing to consumers....,0,Pittsburgh,Pittsburgh,PA,0,0,1,0,0,0
Laboratory Technician,The University of Pittsburgh,"Pittsburgh, PA",30810,"Ability to interact with doctors, scientists, staff and students on a professional level. The incumbent must be able to accurately record and coordinate data...",0,Pittsburgh,Pittsburgh,PA,0,0,0,0,0,0
Backend Developer,SourceTek,"Pittsburgh, PA 15212",80000,Build ML data processing pipelines. You will work with a team of world-class engineers and scientists who are experts in large-scale AI in an agile environment....,0,Pittsburgh,Pittsburgh,PA,0,0,0,0,0,0
Frontend Developer,SourceTek,"Pittsburgh, PA 15212",80000,"You will be part of a team of world-class engineers, designers, and scientists, working together in a fast-paced startup environment....",0,Pittsburgh,Pittsburgh,PA,0,0,0,0,0,0
Research Technician,The University of Pittsburgh,"Pittsburgh, PA",30810,The capacity to work independently (including the design and execution of experiments) with some direction from senior scientists is required....,0,Pittsburgh,Pittsburgh,PA,0,0,0,0,0,0
Senior Statistician,All-In Analytics,"Pittsburgh, PA",75500,"Experience with data mining, discovery, classification, transformation, and visualization. PhD....",0,Pittsburgh,Pittsburgh,PA,1,0,0,0,0,0
Data Scientist,ITS Technologies,"Raleigh, NC",150000,"The *Senior Data Scientist*. Ability to collaborate effectively with business stakeholders, performance consultants, data scientists, and other data engineers....",1,Raleigh,Raleigh,NC,0,0,1,0,0,0
Data Scientist,Piper Companies,"Raleigh, NC 27612 (Northwest area)",110000,Responsibilities for the Data Scientist include:. Data collection of structured and unstructured data. The Data Scientist will join a new team performing data...,1,Raleigh,Raleigh,NC,0,0,1,0,0,0
Data Scientist,"Sente Data Science, LLC","Cary, NC",95000,"Sente Data Science is seeking a Data Scientist for our team in Cary, North Carolina. SENTE DATA SCIENCE LLC. Quality assurance checks on data....",0,Cary,Raleigh,NC,0,0,1,0,0,0
Data Scientist / Machine Learning,Piper Companies,"Raleigh, NC 27613 (Northwest area)",117500,"Data Scientist - Machine Learning. 2+ years of experience as a Data Scientist, Computational Biologist, or Statistician....",1,Raleigh,Raleigh,NC,0,0,1,0,0,0
Research Assistant,University of North Carolina,"Chapel Hill, NC 27517",32603,Approximately 25% time will be spent coding and scoring these data using established coding schemes and data management systems....,0,Chapel Hill,Raleigh,NC,0,0,0,1,0,0
Senior Data Scientist ‰ÛÒ Machine Learning,Strivector,"Morrisville, NC",170000,"Senior Data Scientist ‰ÛÒ Machine Learning*. Mentor other data scientists in algorithms, models, tools, and products that make the team more efficient....",1,Morrisville,Raleigh,NC,1,0,1,0,0,0
Statistician II (Job Code: GR0218),Seqirus A CSL Company,"Holly Springs, NC",101830,See below JOB TITLE: Statistician II (Job Code: GR0218) DETAILS: Provide statistical expertise to drive the application of advanced and state-of-the-art,1,Holly Springs,Raleigh,NC,0,0,0,0,0,0
Hadoop Integration Data Scientist,LifeScale Analytics,"Raleigh-Durham, NC",140000,"Data Scientist with experience in experimental design, hypothesis testing, and data analysis. The function of the Hadoop Integration Data Scientist is to...",1,Raleigh-Durham,Raleigh,NC,0,0,1,0,0,0
Business Services Coordinator,North Carolina State University,"Raleigh, NC",42945,"Coordinate activities and logistics of visiting scientists, seminar speakers and other Center visitors. As the technological and intellectual hub for the...",0,Raleigh,Raleigh,NC,0,0,0,0,0,0
Sr. Research Associate 3,University of Miami,"Coral Gables, FL",75400,He or she will be able to communicate effectively to provide services and collaborate with scientists within SCCC or elsewhere....,0,Coral Gables,Miami,FL,0,0,0,0,0,0
(Temporary) Sr. Research Associate 1- Psychiatry,University of Miami,"Coral Gables, FL",56000,"Trouble shoots data submissions, warehoused data and data errors including quality control of data collection....",0,Coral Gables,Miami,FL,0,0,0,0,0,0
Assistant Scientist,University of Miami,"Coral Gables, FL",75400,"The Assistant Scientist will already have completed considerable Post PhD training and will assist the Principal Investigator, who is also the Director of the...",0,Coral Gables,Miami,FL,0,0,0,1,0,0
Data Scientist,ace Talent Curators,"Miami, FL",100000,Turn Data into value. Python or R for Data Science. You will be responsible for analytical support and statistical modeling for the sole purpose of maximizing...,1,Miami,Miami,FL,0,0,1,0,0,0
"Psychiatry- Assistant Scientist, SOM",University of Miami,"Coral Gables, FL",75400,"The Psychiatry Research Division is currently seeking a Psychiatry-Assistant Scientist. Assistant Scientist will collect, analyze, and summarize data, prepare...",0,Coral Gables,Miami,FL,0,0,0,1,0,0
Social & Data Analyst,MSH Group,"Miami, FL 33131 (Downtown area)",55000,"We are a passionate bunch of creatives, strategists, technologists, data scientists and brand specialists. SOCIAL & DATA ANALYST....",0,Miami,Miami,FL,0,0,0,0,1,0
Legal Research Analyst,Liberty Settlement Funding,"Dania Beach, FL",30000,"Liberty Settlement Funding, a rapidly growing financial service organization, is seeking applicants with an analytical bent for full-time entry level Legal",0,Dania Beach,Miami,FL,0,0,0,0,1,0
Legal Librarian Research Analyst,Morgan Stephens,"Miami, FL",85000,Looking for a Legal Librarian that will be responsible for conducting legal and due diligence research for the firm. This position will be maintaining and,0,Miami,Miami,FL,0,0,0,0,1,0
Data Scientist,Relus Technologies LLC,"Atlanta, GA",85000,"As a Data Scientist , you'll be involved analyzing complex data, generating insights, and creating classifiers and other solutions as needed from large data...",0,Atlanta,Atlanta,GA,0,0,1,0,0,0
Data Scientist,Blair Search,"Duluth, GA",92500,Strong understanding of algorithms and advanced data structures. Experience in solutions that leverage distributed processing of large data sets (e.g....,0,Duluth,Atlanta,GA,0,0,1,0,0,0
Health Scientist,Centers for Disease Control and Prevention,"Atlanta, GA",143516,"As a Health Scientist you will:. Identify and apply analytical methods, techniques, and tools to analyze and interpret data....",1,Atlanta,Atlanta,GA,0,0,0,0,0,0
Data Scientist,Enterprise Select,"Duluth, GA",96400,We are currently looking for an experienced Data Scientist to join their growing Analytics team. Strong understanding of algorithms and advanced data structures...,1,Duluth,Atlanta,GA,0,0,1,0,0,0
Research Informatics Analyst,Emory University,"Atlanta, GA",96900,Knowledge of data and information systems standards relevant to the field of biomedical informatics and health systems.DATE CREATED/MODIFIED/REVISED:....,1,Atlanta,Atlanta,GA,0,0,0,0,1,0
Associate Sponsored Research Analyst,Emory University,"Atlanta, GA",61300,* This position is located in the central Office of Sponsored Programs ** Provides assistance to faculty and staff in preparing standard grant applications,0,Atlanta,Atlanta,GA,0,0,0,0,1,0
Data Scientist,Principle Solutions Group,"Atlanta, GA",110000,"Requirements for the Data Scientist:. Data Scientist ‰ÛÒ Atlanta, GA - $110k/yr. Our client is looking for a Data Scientist to join their team in Atlanta, GA!...",1,Atlanta,Atlanta,GA,0,0,1,0,0,0
"Scientist, Asst Bioinformatics",Emory University,"Atlanta, GA",77600,"This role collaborates with researchers to develop high throughput data processing and analysis capability. Under minimal supervision, the Assistant Scientist,...",0,Atlanta,Atlanta,GA,0,0,0,0,0,0
"Scientist, Asc (AR) SOM",Emory University,"Atlanta, GA",70600,"The Staff Scientist Asc. Essential Responsibilities include developing software algorithms and tools for analysis and interpretation of medical image data,...",0,Atlanta,Atlanta,GA,0,0,0,0,0,0
Data Scientist,Smith Hanley Associates,"Atlanta, GA",120000,Requirements of the Data Scientist:. Analytical consulting company in Atlanta is seeking a Data Scientist with SAS and R experience to perform pricing analysis...,1,Atlanta,Atlanta,GA,0,0,1,0,0,0
Technical Editor,Emory University,"Atlanta, GA",58300,"The ideal candidate will write clear, concise technical documents integrating raw data and relevant published studies to support conclusions....",0,Atlanta,Atlanta,GA,0,0,0,0,0,0
Python Full Stack Engineer,"HireIQ Solutions, Inc.","Atlanta, GA",95000,Work with our data scientist on our cutting edge machine learning toolset. Who we are*....,0,Atlanta,Atlanta,GA,0,0,0,0,0,1
Statistical Analyst,Principle Solutions Group,"Roswell, GA",100000,Ability to understand and manipulate data from multiple sources. Our client is looking for a Statistical Analyst to work in their R&D team to support the...,1,Roswell,Atlanta,GA,0,0,0,0,1,0
Director of Engineering - Machine Learning,Relus Technologies LLC,"Atlanta, GA",200000,"Proven ability to work with software engineers to estimate work and schedules by asking questions, analyzing data, and challenging assumptions....",1,Atlanta,Atlanta,GA,0,0,0,0,0,1
Associate Scientist (AR) SOM,Emory University,"Atlanta, GA",70600,"This associate scientist additionally offers unparalleled stability. Apkarian Integrated Electron Microscopy Core at Emory seeks to appoint an enthusiastic,...",0,Atlanta,Atlanta,GA,0,0,0,0,0,0
Scientist (AR) SOM,Emory University,"Atlanta, GA",85500,"Provide guidance in data processing. Ensure that the core facility generates high quality cryo-EM data. Staff Scientists will have leadership responsibilities,...",0,Atlanta,Atlanta,GA,0,0,0,0,0,0
Data Scientist - Supply Chain Analytics,Analytic Recruiting,"Atlanta, GA",107500,"Data Scientist, Supply Chain Analytics sought by Fortune 500 company to be part of a leading-edge predictive and prescriptive analytics....",1,Atlanta,Atlanta,GA,0,0,1,0,0,0
Systems Software Engineer,Emory University,"Atlanta, GA",86400,Strong willingness to adhere to the security restrictions inherent in environments that have sensitive data (such as patient data)....,0,Atlanta,Atlanta,GA,0,0,0,0,0,1
Prospect Research Analyst-Development and Alumni Relations,Emory University,"Atlanta, GA",53200,Various personal computer software applications and familiarity with on-line data retrieval systems. Performs wealth estimations and assigns ratings based on...,0,Atlanta,Atlanta,GA,0,0,0,0,1,0
Statistician - Model Validation,Smith Hanley Associates,"Atlanta, GA",105000,#NAME?,1,Atlanta,Atlanta,GA,0,0,0,0,0,0
Data Analyst,Veredus,"Atlanta, GA",75000,"Data Analyst, SQL, Data Scientist, Query. Data Analyst Skills & Requirements:. Help use data to drive operations decisions....",0,Atlanta,Atlanta,GA,0,0,0,0,1,0
"Accounting Policy, Research and Special Projects Senior Anal...",JSP Recruitment Services,"Duluth, GA",75000,"Accounting Policy, Research and Special Projects Senior Analyst Duluth, GA *Responsibilities of the Accounting Policy, Research and Special Projects",0,Duluth,Atlanta,GA,1,0,0,0,0,0
Research Analyst,"Pacific Market Research, LLC","Seattle, WA",67500,Effectively display quantitative and qualitative insights using data visualization techniques and graphics. We‰Ûªre looking for a researcher who can work on all...,0,Seattle,Seattle,WA,0,0,0,0,1,0
Lab Technician,Curacloud corp,"Seattle, WA 98105 (Ravenna - U District area)",65000,Powered by deep learning technology and big data from our clinical partners and research. She/He should be capable of utilizing basic and advanced lab...,0,Seattle,Seattle,WA,0,0,0,0,0,0
Data Scientist,NxT Level,"Seattle, WA",142500,"We are looking for a passionate Data Scientists that are looking to deep dive into a Seattle, WA company that's growing exponentially....",1,Seattle,Seattle,WA,0,0,1,0,0,0
Data Scientist,Cloudious LLC,"Redmond, WA",125000,Interact with BI Engineering teams to get the relevant data needed for the building predictive model. The requirement is to build new predictive solution for...,1,Redmond,Seattle,WA,0,0,1,0,0,0
Data Engineer/Scientist,Employment Trust,"Bellevue, WA",117500,"You understand the challenges of working with schema-based and unstructured data, and enjoy the challenge of collecting data flexibly and accurately....",1,Bellevue,Seattle,WA,0,0,0,0,0,1
Software Engineer - Machine Learning,NxT Level,"Seattle, WA",117500,"We are looking for a passionate Data Scientists that are looking to deep dive into a Seattle, WA company that's growing exponentially....",1,Seattle,Seattle,WA,0,0,0,0,0,1
Institutional Research Analyst,Green River Community College,"Auburn, WA",55000,"Extract data from various internal and external sources (e.g., data warehouse, student management system, IPEDS, National Student Clearinghouse, etc.)....",0,Auburn,Seattle,WA,0,0,0,0,1,0
Project Program Manager III,King County,"Seattle, WA",91166,"Analyze complex data, policy, practices, systems, procedures and writing findings, recommendations, and reports....",0,Seattle,Seattle,WA,0,1,0,0,0,0
Senior Data Scientist,All-In Analytics,"Seattle, WA",212500,"Experience in complex data cleansing, data validation and master data management. We are looking for a talented Data Scientist to join our growing team!...",1,Seattle,Seattle,WA,1,0,1,0,0,0
Wastewater Capital Project Manager III (Biosolids Program),King County,"Seattle, WA",100370,Inspect field sites with UW soil scientist advisor who prescribes site-specific rates for each site; Ability to understand and interpret technical or scientific...,1,Seattle,Seattle,WA,0,1,0,0,0,0
Sr Business Analyst - Microstrategy,Analytic Recruiting,"Seattle, WA",150000,Prior experience with human resources data helpful. Basic proficiency in scripting with SQL and data model;...,1,Seattle,Seattle,WA,0,0,0,0,1,0
Environmental Scientist III,King County,"Seattle, WA",93350,Environmental Scientist III. The Environmental Scientist is part of a four-member Research Team that ensures program services are grounded in scientific...,0,Seattle,Seattle,WA,0,0,0,0,0,0
District Sales Manager,Anchor Point Technology Resources,"Seattle, WA",100000,"Ability to handle technical processes, data gathering, data analysis and technical sales processes. Client's scientists are globally located in R&D Centers of...",1,Seattle,Seattle,WA,0,1,0,0,0,0
"Principal Analyst/Asst Dir Data Science, Analytical Visionin...",Liberty Mutual,"Seattle, WA",122450,"Better understanding of the data, and our Data Scientists are our. And apply machine learning and data mining techniques leveraging data in data....",1,Seattle,Seattle,WA,0,0,0,0,1,0
Site Hazard Assessment and WARM Ranking Specialist (Natural...,State of Washington,"Bellevue, WA",64110,The primary duty for the Natural Resource Scientist 3 position is to gather and evaluate environmental data during a Site Hazard Assessment to form the basis...,0,Bellevue,Seattle,WA,0,0,0,0,0,0
Big Data Engineer,CareerMonks,"Austin, TX",115000,"Experience with integration of data from multiple data sources. Participate in meetings with business (account/product management, data scientists) to obtain...",1,Austin,Austin,TX,0,0,0,0,0,1
Senior Research Scientist (Principal Investigator level),Gibson - An Education Consulting & Research Group,"Austin, TX 78746",130000,"Provide statistical consulting to clients regarding the appropriate use of existing data. We are a small research team based in Austin, Texas that is made up of...",1,Austin,Austin,TX,1,0,0,0,0,0
Engineering Scientist - R and D Algorithm and System Develop...,"Applied Research Laboratories, The University of T...","Austin, TX 78758 (North Austin area)",102500,"Knowledge of digital signal processing, image processing, machine learning, autonomous control or statistical data analysis....",1,Austin,Austin,TX,0,0,0,0,0,1
Computer Scientist/Software Engineer,"Signature Science, LLC","Austin, TX 78759 (Arboretum area)",79000,"Computer Science support to the research, development, test and evaluation of tools or algorithms that support rapid, accurate and automated analysis and...",0,Austin,Austin,TX,0,0,0,0,0,1
Senior Data Engineer,Austin Fraser,"Austin, TX",135000,"SENIOR DATA ENGINEER (Lead). Austin, TX ‰ÛÒ Senior Data Engineer. Extensive experience in Data Science or Engineering. What you get as a Senior Data Engineer:....",1,Austin,Austin,TX,1,0,0,0,0,1
Software Development Engineers (Core Java),Winston Fox,"Austin, TX",160000,"In this role you will be working across the SDLC and collaborating closely with quantitative scientists, traders, senior business stake holders and other...",1,Austin,Austin,TX,0,0,0,0,0,1
Associate Parks and Nature Planner,Metro,"Portland, OR 97232 (Kerns area)",72956,Analyzes data to find usage patterns and trends that inform future plans and projects. Assists in promoting intergovernmental communication and cooperation...,0,Portland,Portland,OR,0,0,0,0,0,0
Predictive Analytics (Machine Learning),"Kennedy Unlimited Inc, Professional Staffing","Portland, OR",135000,"Salary 130K to 140K We are assisting our Client, an innovative NEW high growth leader, Are you looking for more responsibility, More challenge. Leadership",1,Portland,Portland,OR,0,0,0,0,0,0
Physical Scientist,Department of Energy,"Portland, OR",55845,"As a Physical Scientist, a. Preparing graphs and data profiles; Conducting routine calculating, plotting, and checking of numerical data;...",0,Portland,Portland,OR,0,0,0,0,0,0
Research Assistant 2,Oregon Health & Science University,"Portland, OR",36000,"Proficiency with desktop computers and large data set analysis including spreadsheet, statistical, and graphical software....",0,Portland,Portland,OR,0,0,0,1,0,0
OCTRI Navigator Assistant,Oregon Health & Science University,"Portland, OR",51500,The Navigator Assistant collects and maintains data regarding investigator projects that utilize OCTRI services....,0,Portland,Portland,OR,0,0,0,1,0,0
Research Scientist,"Najit Technologies, Inc.","Beaverton, OR",42500,"Record-keeping, computer analysis and graphing of data. We are a Beaverton-based, NIH-funded vaccine development company looking for a full-time, qualified...",0,Beaverton,Portland,OR,0,0,0,0,0,0
"Instructor and Program Chair, Medical Lab Technology",Portland Community College,"Portland, OR 97280 (Far Southwest area)",70944,"Compile and/or research data as may be assigned. Instructor and Program Chair, Medical Lab Technology....",0,Portland,Portland,OR,0,0,0,0,0,0
Industry Relations Manager,University of Portland,"Portland, OR",60000,"Compile, analyze, and report relevant data. Experience working in a setting with engineers, computers scientists, or similar technical professional fields....",0,Portland,Portland,OR,0,1,0,0,0,0
Post Doctoral Scholar,Oregon Health & Science University,"Portland, OR",47484,Experience with data management. We are seeking a highly motivated and experienced postdoctoral scientist with interest in immune therapies for hematological...,0,Portland,Portland,OR,0,0,0,0,0,0
Postdoctoral Scholar,Oregon Health & Science University,"Portland, OR",47484,Genomic data analysis experience. Ability to gain the confidence of other scientists and staff. Experience with ChIP-sequencing and RNA-sequencing experiments...,0,Portland,Portland,OR,0,0,0,0,0,0